insert into alumne (id_alumne, nombre, apellido, dni, fecha_nacimiento, telefono, email) values
(1, 'Ken', 'Thompson', 5153057, '1995-05-05', '15-2889-7948', 'ken@thompson.org'),
(2, 'Dennis', 'Ritchie', 25610126, '1955-04-11', '15-7811-5045', 'dennis@ritchie.org'),
(3, 'Donald', 'Knuth', 9168297, '1984-04-05', '15-2780-6005', 'don@knuth.org'),
(4, 'Rob', 'Pike', 4915593, '1946-08-16', '15-1114-9719', 'rob@pike.org'),
(5, 'Douglas', 'McIlroy', 33187055, '1939-06-09', '15-9625-0245', 'douglas@mcilroy.org'),
(6, 'Brian', 'Kernighan', 13897948, '1992-11-22', '15-6410-6066', 'brian@kernighan.org'),
(7, 'Bill', 'Joy', 34115045, '1954-02-04', '15-4215-8655', 'bill@joy.org'),
(8, 'Marshall Kirk', 'McKusick', 9806005, '1995-12-27', '15-5197-4379', 'marshall_kirk@mckusick.org'),
(9, 'Theo', 'de Raadt', 5149719, '1950-02-07', '15-6470-9444', 'theo@deraadt.org'),
(10, 'Cristina', 'Kirchner', 6250245, '1990-08-17', '15-5291-0113', 'cfk@fpv.gov.ar'),
(11, 'Diego', 'Maradona', 19158655, '1985-02-27', '15-3361-4854', 'diego@dios.com.ar'),
(12, 'Martín', 'Palermo', 5974379, '1918-06-09', '15-9877-3169', 'martin@palermo.com.ar'),
(13, 'Guillermo', 'Barros Schelotto', 3910113, '1982-05-03', '15-5020-5695', 'guille@melli.com.ar'),
(14, 'Susú', 'Pecoraro', 7547862, '1935-04-03', '15-6695-9505', 'susu@pecoraro.com.ar'),
(15, 'Norma', 'Aleandro', 26614854, '1992-03-18', '15-9155-4115', 'norma@aleandro.com.ar'),
(16, 'Soledad', 'Silveyra', 7773169, '1957-07-28', '15-9184-4522', 'sole@silveyra.com.ar'),
(17, 'Libertad', 'Lamarque', 32205695, '1971-03-07', '15-6363-9690', 'libertad@lamarque.com.ar'),
(18, 'Ana María', 'Picchio', 19020903, '1946-08-06', '15-4819-2117', 'ana.maria@picchio.com.ar'),
(19, 'Niní', 'Marshall', 10535508, '1951-09-07', '15-9799-6045', 'nini@marshall.com'),
(20, 'Claudia', 'Lapacó', 30934609, '1961-08-03', '15-2005-4879', 'claudia@lapaco.com.ar');

insert into materia (id_materia, nombre) values
(1, 'Taller Inicial Común: Taller de Lectura y Escritura'),
(2, 'Taller Inicial Orientado: Ciencias Exactas'),
(3, 'Taller Inicial Obligatorio del Área de Matemática'),
(4, 'Introducción a la Programación'),
(5, 'Taller de Lectura y Escritura en las Disciplinas'),
(6, 'Introducción a la Matemática'),
(7, 'Programación I'),
(8, 'Organización del Computador'),
(9, 'Inglés Lectocomprensión I'),
(10, 'Programación II'),
(11, 'Sistemas Operativos y Redes'),
(12, 'Lógica y Teoría de Números'),
(13, 'Programación III'),
(14, 'Problemas Socioeconómicos Contemporáneos'),
(15, 'Inglés Lectocomprensión II'),
(16, 'Gestión y Administración de Bases de Datos'),
(17, 'Matemática Discreta'),
(18, 'Inglés Lectocomprensión III'),
(19, 'Ingeniería de Software'),
(20, 'Laboratorio de Construcción de Software'),
(21, 'Especificación de Software');

insert into correlatividad (id_materia, id_mat_correlativa) values
(4, 2),
(4, 3),
(5, 1),
(6, 2),
(6, 3),
(7, 1),
(7, 4),
(8, 1),
(8, 4),
(9, 1),
(9, 2),
(9, 3),
(10, 6),
(10, 7),
(11, 7),
(11, 8),
(12, 6),
(13, 10),
(14, 1),
(15, 5),
(15, 9),
(16, 8),
(16, 10),
(16, 12),
(17, 12),
(18, 15),
(19, 13),
(20, 5),
(20, 14),
(20, 16),
(20, 19),
(20, 21),
(21, 12),
(21, 13);

insert into comision (id_materia, id_comision,cupo) values
	(1,1,5),
	(2,1,5),
	(3,1,15),
	(4,1,3),
	(4,2,4),
	(4,3,5),
	(5,1,5),
	(6,1,8),
	(7,1,3),
	(7,2,5),
	(8,1,10),
	(9,1,7),
	(10,1,9),
	(11,1,5),
	(12,1,15),
	(13,1,13),
	(14,1,12),
	(15,1,8),
	(16,1,5),
	(17,1,4),
	(18,1,8),
	(19,1,2),
	(20,1,6),
	(21,1,11);

insert into historia_academica (id_alumne, semestre, id_materia, id_comision, estado, nota_regular, nota_final) values
(1,'2023-1',1,1,'aprobada',9,9),
(1,'2023-1',2,1,'aprobada',10,10),
(1,'2023-1',3,1,'ausente',0,NULL),
(1,'2023-2',3,1,'regular',5,NULL),
(1,'2023-2',5,1,'aprobada',7,7),
(2,'2023-1',1,1,'aprobada',9,9),
(2,'2023-1',2,1,'aprobada',10,10),
(2,'2023-1',3,1,'ausente',0,NULL),
(2,'2023-2',3,1,'reprobada',2,NULL),
(2,'2023-2',5,1,'aprobada',7,7),
(3,'2023-1',1,1,'aprobada',9,9),
(3,'2023-1',2,1,'aprobada',10,10),
(3,'2023-1',3,1,'aprobada',10,10),
(3,'2023-2',4,2,'regular',6,NULL),
(3,'2023-2',5,1,'aprobada',9,9),
(4,'2023-1',1,1,'aprobada',9,9),
(4,'2023-1',2,1,'aprobada',10,10),
(4,'2023-1',3,1,'aprobada',10,10),
(4,'2023-2',4,2,'ausente',0,NULL),
(4,'2023-2',5,1,'aprobada',9,9),
(5,'2022-1',1,1,'aprobada',10,10),
(5,'2022-1',2,1,'aprobada',10,10),
(5,'2022-1',3,1,'aprobada',10,10),
(5,'2022-2',4,2,'aprobada',9,9),
(5,'2022-2',5,1,'aprobada',9,9),
(5,'2023-1',6,1,'regular',5,NULL),
(5,'2023-1',7,2,'aprobada',8,8),
(5,'2023-1',8,1,'regular',6,NULL),
(5,'2023-2',11,1,'regular',6,NULL),
(6,'2023-1',1,1,'aprobada',9,9),
(6,'2023-1',2,1,'aprobada',10,10),
(6,'2023-1',3,1,'aprobada',10,10),
(6,'2023-2',4,2,'aprobada',10,10),
(6,'2023-2',5,1,'aprobada',9,9),
(7,'2023-1',1,1,'aprobada',9,9),
(7,'2023-1',2,1,'aprobada',10,10),
(7,'2023-1',3,1,'aprobada',10,10),
(7,'2023-2',4,2,'aprobada',10,10),
(7,'2023-2',5,1,'regular',6,NULL),
(8,'2023-1',1,1,'aprobada',9,9),
(8,'2023-1',2,1,'aprobada',10,10),
(8,'2023-1',3,1,'aprobada',10,10),
(8,'2023-2',6,1,'aprobada',10,10),
(8,'2023-2',9,1,'aprobada',8,8);

    

	
insert into periodo (semestre, estado) values
	('2022-1','cerrado'),
	('2022-2','cerrado'),
	('2023-1','cerrado'),
	('2023-2','cerrado');



    
insert into entrada_trx (id_orden, operacion, año, nro_semestre, id_alumne, id_materia, id_comision, nota) values
    (1, 'alta inscrip', null, null, 10, 3, 1, null),
    (2, 'apertura', 2023, 2, null, null, null, null),
    (3, 'apertura', 2024, 1, null, null, null, null),
    (4, 'alta inscrip', null, null, 1, 4, 2, null),
    (5, 'alta inscrip', null, null, 2, 4, 1, null),
    (6, 'alta inscrip', null, null, 8, 4, 2, null),
    (7, 'alta inscrip', null, null, 4, 7, 1, null),
    (8, 'alta inscrip', null, null, 21, 2, 1, null),
    (9, 'alta inscrip', null, null, 7, 7, 1, null),    
    (10, 'alta inscrip', null, null, 17, 2, 1, null),    
    (11, 'alta inscrip', null, null, 12, 2, 1, null),    
    (12, 'alta inscrip', null, null, 13, 2, 1, null),    
    (13, 'alta inscrip', null, null, 14, 2, 1, null),    
    (14, 'alta inscrip', null, null, 15, 2, 1, null),    
    (15, 'alta inscrip', null, null, 16, 2, 1, null),    
    (16, 'alta inscrip', null, null, 11, 2, 1, null),    
    (17, 'baja inscrip', null, null, 8, 2, null, null),    
    (18, 'baja inscrip', null, null, 14, 2, null, null),    
    (19, 'cierre inscrip', 2024, 1, null, null, null, null),    
    (20, 'aplicacion cupo', 2024, 1, null, null, null, null),    
    (21, 'baja inscrip', null, null, 13, 2, null, null),    
    (22, 'ingreso nota', null, null, 21, 2, 1, 10),    
    (23, 'ingreso nota', null, null, 8, 4, 1, 5),   
    (24, 'cierre cursada', null, null, null, 4, 2, null),    
    (25, 'cierre cursada', null, null, null, 16, 1, null),    
    (26, 'ingreso nota', null, null, 8, 4, 2, 5),   
    (27, 'cierre cursada', null, null, null, 4, 2, null);
